-- MySQL dump 10.13  Distrib 5.5.34, for debian-linux-gnu (x86_64)
--
-- Host: localhost    Database: narrative_roulette
-- ------------------------------------------------------
-- Server version	5.5.34-0ubuntu0.12.04.1

/*!40101 SET @OLD_CHARACTER_SET_CLIENT=@@CHARACTER_SET_CLIENT */;
/*!40101 SET @OLD_CHARACTER_SET_RESULTS=@@CHARACTER_SET_RESULTS */;
/*!40101 SET @OLD_COLLATION_CONNECTION=@@COLLATION_CONNECTION */;
/*!40101 SET NAMES utf8 */;
/*!40103 SET @OLD_TIME_ZONE=@@TIME_ZONE */;
/*!40103 SET TIME_ZONE='+00:00' */;
/*!40014 SET @OLD_UNIQUE_CHECKS=@@UNIQUE_CHECKS, UNIQUE_CHECKS=0 */;
/*!40014 SET @OLD_FOREIGN_KEY_CHECKS=@@FOREIGN_KEY_CHECKS, FOREIGN_KEY_CHECKS=0 */;
/*!40101 SET @OLD_SQL_MODE=@@SQL_MODE, SQL_MODE='NO_AUTO_VALUE_ON_ZERO' */;
/*!40111 SET @OLD_SQL_NOTES=@@SQL_NOTES, SQL_NOTES=0 */;

--
-- Table structure for table `perspective`
--

DROP TABLE IF EXISTS `perspective`;
/*!40101 SET @saved_cs_client     = @@character_set_client */;
/*!40101 SET character_set_client = utf8 */;
CREATE TABLE `perspective` (
  `id` int(11) NOT NULL AUTO_INCREMENT,
  `gender` varchar(6) NOT NULL,
  `text` text NOT NULL,
  `created_at` datetime DEFAULT NULL,
  PRIMARY KEY (`id`)
) ENGINE=InnoDB AUTO_INCREMENT=54 DEFAULT CHARSET=latin1;
/*!40101 SET character_set_client = @saved_cs_client */;

--
-- Dumping data for table `perspective`
--

LOCK TABLES `perspective` WRITE;
/*!40000 ALTER TABLE `perspective` DISABLE KEYS */;
INSERT INTO `perspective` VALUES (1,'female','You are receiving creepy messages on Facebook.','2014-01-20 21:42:45'),(2,'male','You are sending creepy messages on Facebook.','2014-01-20 22:12:32'),(3,'female','You are walking home from a party. It\'s late. You hear someone behind you.','2014-01-20 22:13:05'),(4,'male','You\'re at a party. You\'ve just realised the girl you have a crush on is at the party too.','2014-01-20 22:14:38'),(5,'female','You\'re at a party. You\'ve just realised the boy you have a crush on is at the party too.','2014-01-20 22:14:50'),(6,'male','You are a YouTube sensation.','2014-01-20 22:30:26'),(7,'female','You are a YouTube sensation.','2014-01-20 22:30:33'),(8,'male','You dread going home. But now you have to.','2014-01-20 22:31:02'),(9,'female','You dread going home. But now you have to.','2014-01-20 22:31:06'),(10,'male','You\'ve just inherited a million kronor.','2014-01-20 22:31:20'),(11,'female','You\'ve just inherited a million kronor.','2014-01-20 22:31:24'),(12,'female','You\'ve just had a job interview where the interviewer ogled you.','2014-01-20 22:32:17'),(13,'male','Your band became huge on Spotify overnight.','2014-01-20 22:33:01'),(14,'female','Your band became huge on Spotify overnight.','2014-01-20 22:33:05'),(15,'male','You are walking home from a party. It\'s late. You hear someone behind you.','2014-01-20 22:34:56'),(16,'male','You\'ve just failed the exam that could have gotten you into the university of your dreams.','2014-01-20 22:35:51'),(17,'female','You\'ve just failed the exam that could have gotten you into the university of your dreams.','2014-01-20 22:35:55'),(18,'male','You\'ve just passed the exam that could get you into the university of your dreams.','2014-01-20 22:36:13'),(19,'female','You\'ve just passed the exam that could get you into the university of your dreams.','2014-01-20 22:36:17'),(20,'male','You\'ve just been diagnosed with a chronic illness.','2014-01-20 22:37:46'),(21,'female','You\'ve just been diagnosed with a chronic illness.','2014-01-20 22:37:50'),(22,'male','You\'ve just survived a near-death experience.','2014-01-20 22:38:06'),(23,'female','You\'ve just survived a near-death experience.','2014-01-20 22:38:10'),(24,'male','You just found out you got into the college you wanted but then found out that there is NO WAY you can afford it.','2014-01-21 11:38:02'),(25,'female','You just found out you got into the college you wanted but then found out that there is NO WAY you can afford it.','2014-01-21 11:38:07'),(26,'male','You are a prisoner who is innocent (and you know you\'re innocent)','2014-01-21 11:38:27'),(27,'female','You are a prisoner who is innocent (and you know you\'re innocent)','2014-01-21 11:38:31'),(28,'male','You\'re in 7th grade, and you accidentally urinated on yourself during gym class.','2014-01-21 11:38:49'),(29,'female','You\'re in 7th grade, and you accidentally urinated on yourself during gym class.','2014-01-21 11:38:55'),(30,'male','You\'re a soldier who doesn\'t agree with the war you\'re fighting for.','2014-01-21 11:39:15'),(31,'male','You\'ve just told your best friend you\'re in love with him. Now he won\'t talk to you.','2014-01-21 11:40:08'),(32,'female','You\'ve just told your best friend you\'re in love with her. Now she won\'t talk to you.','2014-01-21 11:40:18'),(33,'male','You\'re in a coma but you can hear everything (and everyone) around you.','2014-01-21 11:40:34'),(34,'female','You\'re in a coma but you can hear everything (and everyone) around you.','2014-01-21 11:40:38'),(35,'male','You\'re in your twenties and travelling the world when your elder sister passes away unexpectedly.  Both of your parents are dead and your sister\'s child\'s only remaining family member is you.','2014-01-21 11:41:56'),(36,'female','You\'re in your twenties and travelling the world when your elder sister passes away unexpectedly.  Both of your parents are dead and your sister\'s child\'s only remaining family member is you.','2014-01-21 11:42:01'),(37,'male','You\'re the warden at a prison. it\'s your first day at the field, and you have 3 people to execute today.','2014-01-21 11:42:21'),(38,'female','You\'re the warden at a prison. it\'s your first day at the field, and you have 3 people to execute today.','2014-01-21 11:42:27'),(39,'male','You\'re now paralyzed from the waist down because of a very simple accident (you tried to jump a hurdle in gym class and you landed on your back the wrong way). The rest of the school year is going to be different.','2014-01-21 11:43:18'),(40,'female','You\'re now paralyzed from the waist down because of a very simple accident (you tried to jump a hurdle in gym class and you landed on your back the wrong way). The rest of the school year is going to be different.','2014-01-21 11:43:25'),(41,'male','You\'re gay and you know your grandparents are homophobic. You love them to death but you also know they won\'t understand you. One of them is dying of cancer and you want to let them know who you really are before it\'s too late.','2014-01-21 11:44:15'),(42,'female','You\'re gay and you know your grandparents are homophobic. You love them to death but you also know they won\'t understand you. One of them is dying of cancer and you want to let them know who you really are before it\'s too late.','2014-01-21 11:44:19'),(43,'male','You\'re a grandfather that has outlived a grandchild.','2014-01-21 11:45:21'),(44,'female','You\'re a grandmother that has outlived a grandchild.','2014-01-21 11:45:30'),(45,'female','You\'re a 43 year old woman who finally is ready to have a child but then was medically advised against it due to risks in pregnancy and childbirth.','2014-01-21 11:45:51'),(46,'male','You\'re a famous celebrity whose career was ruined by paparazzi that caught you doing cocaine that ONE TIME, that ONE TIME, you tried it.','2014-01-21 11:46:27'),(47,'female','You\'re a famous celebrity whose career was ruined by paparazzi that caught you doing cocaine that ONE TIME, that ONE TIME, you tried it.','2014-01-21 11:46:33'),(48,'male','You\'re parents are neo-nazis. You\'ve just moved to a multicultural city.','2014-01-21 11:47:15'),(49,'female','You\'re parents are neo-nazis. You\'ve just moved to a multicultural city.','2014-01-21 11:47:19'),(50,'male','You\'ve always thought your father was a man until, yesterday, on your 16th birthday, you were told that a) Dad used to be a woman and b) You\'re adopted.','2014-01-21 11:49:33'),(51,'female','You\'ve always thought your father was a man until, yesterday, on your 16th birthday, you were told that a) Dad used to be a woman and b) You\'re adopted.','2014-01-21 11:49:39'),(52,'male','You\'ve just emerged from the womb.','2014-01-21 11:50:00'),(53,'female','You\'ve just emerged from the womb.','2014-01-21 11:50:05');
/*!40000 ALTER TABLE `perspective` ENABLE KEYS */;
UNLOCK TABLES;

--
-- Table structure for table `round`
--

DROP TABLE IF EXISTS `round`;
/*!40101 SET @saved_cs_client     = @@character_set_client */;
/*!40101 SET character_set_client = utf8 */;
CREATE TABLE `round` (
  `id` int(11) NOT NULL AUTO_INCREMENT,
  `start_time` datetime DEFAULT NULL,
  `perspective_id` int(11) NOT NULL,
  PRIMARY KEY (`id`),
  KEY `perspective_id` (`perspective_id`),
  CONSTRAINT `round_ibfk_1` FOREIGN KEY (`perspective_id`) REFERENCES `perspective` (`id`)
) ENGINE=InnoDB AUTO_INCREMENT=19 DEFAULT CHARSET=latin1;
/*!40101 SET character_set_client = @saved_cs_client */;

--
-- Dumping data for table `round`
--

LOCK TABLES `round` WRITE;
/*!40000 ALTER TABLE `round` DISABLE KEYS */;
INSERT INTO `round` VALUES (1,'2014-01-20 21:48:23',1),(2,'2014-01-20 22:03:49',1),(3,'2014-01-20 22:28:40',3),(4,'2014-01-20 23:04:47',18),(5,'2014-01-21 14:11:10',13),(6,'2014-01-21 14:11:13',13),(7,'2014-01-21 14:11:20',13),(8,'2014-01-21 14:12:09',27),(9,'2014-01-21 14:12:12',27),(10,'2014-01-21 14:12:14',27),(11,'2014-01-21 14:12:21',49),(12,'2014-01-21 14:12:30',49),(13,'2014-01-21 14:12:35',49),(14,'2014-01-21 14:16:01',52),(17,'2014-01-21 15:05:24',48),(18,'2014-01-21 19:42:17',1);
/*!40000 ALTER TABLE `round` ENABLE KEYS */;
UNLOCK TABLES;

--
-- Table structure for table `submission`
--

DROP TABLE IF EXISTS `submission`;
/*!40101 SET @saved_cs_client     = @@character_set_client */;
/*!40101 SET character_set_client = utf8 */;
CREATE TABLE `submission` (
  `id` int(11) NOT NULL AUTO_INCREMENT,
  `perspective_id` int(11) NOT NULL,
  `text` text NOT NULL,
  `likes` int(11) DEFAULT NULL,
  `created_at` datetime DEFAULT NULL,
  PRIMARY KEY (`id`),
  KEY `perspective_id` (`perspective_id`),
  CONSTRAINT `submission_ibfk_1` FOREIGN KEY (`perspective_id`) REFERENCES `perspective` (`id`)
) ENGINE=InnoDB AUTO_INCREMENT=32 DEFAULT CHARSET=latin1;
/*!40101 SET character_set_client = @saved_cs_client */;

--
-- Dumping data for table `submission`
--

LOCK TABLES `submission` WRITE;
/*!40000 ALTER TABLE `submission` DISABLE KEYS */;
INSERT INTO `submission` VALUES (1,3,'Yeah. Well.<div><br></div><div>Whatever.</div>',0,'2014-01-20 22:52:16'),(2,3,'TEST',0,'2014-01-20 22:52:57'),(3,49,'I don\'t know if I can agree with anything they\'re saying. I mean banana sandwiches?? Who the hell does that?? and ketchup??',0,'2014-01-21 14:15:11'),(4,49,'I will get married with Hitler! I will help him to take over the world.',0,'2014-01-21 14:16:34'),(5,6,'I will even become bigger and bigger½<div><br></div>',0,'2014-01-21 14:17:55'),(6,6,'I will even become bigger and bigger! I will start another channel.&nbsp;',0,'2014-01-21 14:19:02'),(7,52,'I\'ve just been born, GOODBYE WOMB! People seem to be staring at me, what the hell is going on? It\'s not like I\'m an alien. I\'m just unexpectedly clever at an age of fifteen seconds. Seriously, you should all make me your leader. All hail me.&nbsp;',0,'2014-01-21 14:20:04'),(8,52,'I would like to build a new computer.<div><br></div>',0,'2014-01-21 14:22:51'),(9,52,'iufgh4i3uhgfi43gf34',0,'2014-01-21 14:23:46'),(10,52,'After having stayed at my place for about 9 months now. I am suddenly being evicted without proper notification and this does not sit well with me.<br><br>\'despite my best efforts to express my discontent, they don\'t seem to understand me! I was physically forced out of my cradle and brought out into the arms of a brightly-colored man and then into the arms of a familiar flesh, I did not know her but I knew I was safe with her.<br><br>As much as I am capable of adapting this \'outside world\' I still am currently looking for new passageways back into my old place. One day I shall come home again',0,'2014-01-21 14:27:03'),(11,52,'My head? What head? The concept of life and consciousness are yet foreign to my new mind. To me there is nothing but the present. The concept of existence is based on the past. Humans are unique not because they know who they are, but because they know who they have been and the consequences of having existed.<br><br>Mind and brain are the same. There is no separation. Religion is the illusion that the weak impose on themselves to keep life going. Afraid of the truth. Nonexistence. Return to infant-hood, loss of memories and inevitable darkness.',0,'2014-01-21 14:28:10'),(12,52,'Shit that light is bright! Jeez, it really burns.&nbsp;<div>I prefer the orangey red light inside, kinda of a porno lamp. Cosy, warm, romantic, really nice.&nbsp;<br><div>Who\'s that screaming? Hey, lady, cool it will you!</div><div>Fuck it\'s cold out here and I\'m naked. Someone cover me up with a blanket or something, I don\'t want the screaming lady to see my junk.&nbsp;</div><div><br></div><div>Oh my god, I\'m covered in blood! What the fuck just happened?! Did I just kill someone?!</div><div>HEY, LADY, SHUT THE FUCK UP!&nbsp;</div><div>I really need to take a bath, hey nurse, give me a hand will ya?&nbsp;</div><div>Great. I just shit myself. Awesome. Really.&nbsp;</div><div>NURSE! What happened with that bath?&nbsp;</div><div><br></div></div>',0,'2014-01-21 14:28:24'),(13,52,'<span style=\"color: rgb(0, 0, 0); font-family: Verdana, Arial; font-size: 13px; line-height: normal; text-align: center; background-color: rgb(204, 204, 221);\">A family of trees peering at me, as if I were haunted</span><br style=\"border: 0px none; margin: 0px; padding: 0px; font-size: 13px; font-family: Verdana, Arial; color: rgb(0, 0, 0); line-height: normal; text-align: center; background-color: rgb(204, 204, 221);\"><br style=\"border: 0px none; margin: 0px; padding: 0px; font-size: 13px; font-family: Verdana, Arial; color: rgb(0, 0, 0); line-height: normal; text-align: center; background-color: rgb(204, 204, 221);\"><span style=\"color: rgb(0, 0, 0); font-family: Verdana, Arial; font-size: 13px; line-height: normal; text-align: center; background-color: rgb(204, 204, 221);\">The world is warm</span><br style=\"border: 0px none; margin: 0px; padding: 0px; font-size: 13px; font-family: Verdana, Arial; color: rgb(0, 0, 0); line-height: normal; text-align: center; background-color: rgb(204, 204, 221);\"><span style=\"color: rgb(0, 0, 0); font-family: Verdana, Arial; font-size: 13px; line-height: normal; text-align: center; background-color: rgb(204, 204, 221);\">But it\'s sending me shivers</span><br style=\"border: 0px none; margin: 0px; padding: 0px; font-size: 13px; font-family: Verdana, Arial; color: rgb(0, 0, 0); line-height: normal; text-align: center; background-color: rgb(204, 204, 221);\"><span style=\"color: rgb(0, 0, 0); font-family: Verdana, Arial; font-size: 13px; line-height: normal; text-align: center; background-color: rgb(204, 204, 221);\">A baby is born</span><br style=\"border: 0px none; margin: 0px; padding: 0px; font-size: 13px; font-family: Verdana, Arial; color: rgb(0, 0, 0); line-height: normal; text-align: center; background-color: rgb(204, 204, 221);\"><span style=\"color: rgb(0, 0, 0); font-family: Verdana, Arial; font-size: 13px; line-height: normal; text-align: center; background-color: rgb(204, 204, 221);\">Crying out for attention</span><div><span style=\"color: rgb(0, 0, 0); font-family: Verdana, Arial; font-size: 13px; line-height: normal; text-align: center; background-color: rgb(204, 204, 221);\"><br></span></div><div style=\"text-align: center;\"><font color=\"#000000\" face=\"Verdana, Arial\" size=\"2\"><span style=\"line-height: normal; background-color: rgb(204, 204, 221);\">BA BA BA BA BA BA BA BA BAAAAAAAAAAA</span></font></div><div style=\"text-align: center;\"><font color=\"#000000\" face=\"Verdana, Arial\" size=\"2\"><span style=\"line-height: normal; background-color: rgb(204, 204, 221);\"><br></span></font></div><div style=\"text-align: center;\"><font color=\"#000000\" face=\"Verdana, Arial\" size=\"2\"><span style=\"line-height: normal; background-color: rgb(204, 204, 221);\">Show yourself MOTHER you have put me through nine months of pain for this shit! Explain you actions and any reasoning you may have to put me into this cruel world.&nbsp;</span></font></div><div style=\"text-align: center;\"><font color=\"#000000\" face=\"Verdana, Arial\" size=\"2\"><span style=\"line-height: normal; background-color: rgb(204, 204, 221);\"><br></span></font></div><div style=\"text-align: center;\"><font color=\"#000000\" face=\"Verdana, Arial\" size=\"2\"><span style=\"line-height: normal; background-color: rgb(204, 204, 221);\">But wait, what is this? What are these scissors for??</span></font></div><div style=\"text-align: center;\"><font color=\"#000000\" face=\"Verdana, Arial\" size=\"2\"><span style=\"line-height: normal; background-color: rgb(204, 204, 221);\"><br></span></font></div><div style=\"text-align: center;\"><font color=\"#000000\" face=\"Verdana, Arial\" size=\"2\"><span style=\"line-height: normal; background-color: rgb(204, 204, 221);\"><br></span></font></div><div style=\"text-align: center;\"><font color=\"#000000\" face=\"Verdana, Arial\" size=\"2\"><span style=\"line-height: normal; background-color: rgb(204, 204, 221);\">No, you\'re not going to, you... What. NO, no no,</span></font></div><div style=\"text-align: center;\"><font color=\"#000000\" face=\"Verdana, Arial\" size=\"2\"><span style=\"line-height: normal; background-color: rgb(204, 204, 221);\"><br></span></font></div><div style=\"text-align: center;\"><font color=\"#000000\" face=\"Verdana, Arial\" size=\"2\"><span style=\"line-height: normal; background-color: rgb(204, 204, 221);\"><br></span></font></div><div style=\"text-align: center;\"><font color=\"#000000\" face=\"Verdana, Arial\" size=\"2\"><span style=\"line-height: normal; background-color: rgb(204, 204, 221);\">AARRRGGHHH</span></font></div><div style=\"text-align: center;\"><font color=\"#000000\" face=\"Verdana, Arial\" size=\"2\"><span style=\"line-height: normal; background-color: rgb(204, 204, 221);\"><br></span></font></div><div style=\"text-align: center;\"><font color=\"#000000\" face=\"Verdana, Arial\" size=\"2\"><span style=\"line-height: normal; background-color: rgb(204, 204, 221);\"><br></span></font></div><div style=\"text-align: center;\"><font color=\"#000000\" face=\"Verdana, Arial\" size=\"2\"><span style=\"line-height: normal; background-color: rgb(204, 204, 221);\">#fear</span></font></div><div style=\"text-align: center;\"><font color=\"#000000\" face=\"Verdana, Arial\" size=\"2\"><span style=\"line-height: normal; background-color: rgb(204, 204, 221);\"><br></span></font></div><div style=\"text-align: center;\"><br></div>',0,'2014-01-21 14:28:34'),(14,52,'Dirty. Noisy. Screaming. Shouting. Strange smells. Blurry shapes moving, making strange noises. A lack of air. Coughing. Dragons through the window.<div><br></div><div>Darkness.</div>',0,'2014-01-21 14:30:51'),(15,52,'aww fuck, this is bright.... I preferred being in the dark, this is just a bitch for the eyes. Oh wait, I dont have to have them opened, sweeeet. But it\'s freaking cold here, and dry. I don\'t like it. Why can\'t I just go back in there? I guess I\'ll get in to one of those another day. WOOOA whats going on now? My chest is like swelling or something I hope I won\'t explode :O oh ok now it\'s shrinking again... it never did this while I was chilling in there. MEEEH this swelling and shrinking is exhausting I hope it\'ll stop doing that soon.&nbsp;<div>Hmm I feel an urge emerging... I want to shoot people? what does that mean? and what is that I\'m holding in my hand? some kind of weird stick that makes loud noises like \"BANG\" weird... I guess it\'s in my genes or something.&nbsp;</div><div>Wait why am I making random incoherent noises like these? This makes no sense. Wait now I remember how to talk properly GAAAA GAAGAGAGGAAAAA GAAA WUOOOÄÄÄÄÄÄ!</div>',0,'2014-01-21 14:31:35'),(16,52,'<p>Wow, what is this? I felt a strange feeling on my skin. I see blurring objects and everything is cold around me. I\'m scared I thought I was going to die. So I screamed, I screamed as hard as possible thinking that it would save me. </p><p>Suddenly, I hear voices. I was sure that something\'s getting closer to me and I\'m going to die. Then I felt a warm embrace. I don\'t know what it is but from that moment I know I felt safe.</p>',0,'2014-01-21 14:31:38'),(17,52,'The light is so bright, it\'s blinding. This must be the reason why such a large people amount of people have impaired eyesight. I swear I\'ll sue this hospital when I\'m older and make them pay for my eye laser surgery when I\'m forty. &nbsp;I can already see myself being one of those smart-looking toddlers wearing gigantic, colourful glasses that cover half of my face. Ugh, breathing seems also to be an issue. My god, I\'ll probably have to walk around with an asthma inhalator all of my life. Well at least I\'ll have a legit excuse to miss out on the horrible PE lessons I will most likely have to attend. And Oh lord... My skin, it\'s all purple. I must have some kind of eczema. A tub of skin lotion will have to follow me everywhere I go... &nbsp;And OH LORD are those my PARENTS!? Let me guess, they live in a cramped apartment in the suburbs and own un ugly Volvo probably filled to the brim with baby things awaiting my arrival. They\'re probably so excited, they think I will save their miserable, failing marriage. Yeah right, I\'m just going to make things worse. But oh look at their faces... they looked so chocked! Don\'t say they thought I was going to be a girl... and that... the whole rear of the car is filled with PINK baby toys!! My god, my past life was so much better. Ugh.&nbsp;',0,'2014-01-21 14:37:00'),(18,52,'AAAAAAAAAH MY EYES ARE ON FIRE. Close them, quick! Phew. Okay. Nice and dark again. Why is there no air in here- I\'m supposed to open my mouth to breathe now? We didn\'t have these kinds of issues back in the dark place I came from... breathe in, breathe out? And I just keep doing that? What a lot of work... didn\'t have to do that in the womb. Wait, what\'s that sound? Oh, that\'s me screaming. Sounds good. Nice and clear. HEY. What\'s holding me? Okay, I\'m opening my eyes again. Just to see what it is. Ugh, blinded... wait, I can see things! Holy baloney, what is that thing, a cyborg? Let go of me, weird dude! What exactly are the scissors- WOAH. NOT COOL, MAN, NOT COOL! That cord connected me to my mom and everything! It\'s, like, symbolic. Get off me. Who are you handing me to? What do you think I am, some common object? We didn\'t have objectification in the womb... plus it was dark in there and you didn\'t get manhandled. Hey, don\'t give me to someone else, come on, man... why is this woman crying? Why is she putting her mouth on my head... woah. Don\'t eat me, crazy lady! Wait... that\'s my Mom? Oh. Uh, hi. Why are you opening your mouth again? What do you mean, you\'re naming me Göran? I\'m going to kick you to show my displeasure. Is there a return policy for babies? Return me. I want to go back to the dark place.&nbsp;',0,'2014-01-21 14:37:04'),(19,52,'Hell yeah! After 9 insanely long months I\'m crawling! I\'m crawling out of my mothers womb for gods sake! Is there anything like this, and will there ever be? I don\'t want this feeling to end, ever!<div><br></div><div>Oh shit! There\'s a this wall! No one mentioned this wall. Not even my mother told me it while stroking me through her skin, who\'s now screaming random noises. It seems easier to here what she says when I\'m not turning my ass towards the wall, so I better spin around to face the wall.</div><div><br></div><div>Wait! It seems there\'s this super tiny opening exposing light. The light is bright! Is this it? Is this the end? Even though this might be, this is pretty worth it. It really is the ride of my life and I better walk the line. It seems I can push the tiny opening and make it bigger!</div><div><br></div><div>Oh my lord! I\'m out somewhere! I think I see myself from outside and have the greatest out of body experience ever!</div><div><br></div><div>I\'m on the other side of life!</div>',0,'2014-01-21 14:39:51'),(20,52,'I woke up in chock. I felt something wet around my neck. Something was pushing my head from all sides. It was a pain I had never experienced. After what felt like an eternity I could see a bright ceiling. People were standing all around me. Starring. Laughing. Some were even crying. I didn\'t remember how I ended up there. I didn\'t even know where I was. I could see my sister starring at me from outside the room. I tried to call her name but she didn\'t react. I asked what was going on. No one answered. They just stared at me. They looked happy. \"It\'s a boy!\" they shouted. I shouted right back at them. Asking what the hell was going on. No one answered. They just shushed me.',0,'2014-01-21 14:40:27'),(21,52,'Dirty. Noisy. Screaming. Shouting. Strange smells. Blurry shapes moving, making strange noises. A lack of air. Coughing. Dragons through the window.<div><br></div><div>Darkness.</div>',0,'2014-01-21 14:40:30'),(22,52,'I would like to build a new computer.<div><br></div>',0,'2014-01-21 14:40:30'),(23,52,'Wow shieet... what did i just do? <br><br>I just wanted to try something new!&nbsp;<br>The universe can\'t just open up? I just got this strange urge to turn my self upside down and explore the periphery of the universe... but all of a sudden the brightest of lights emergen and a giant hand grab my head.<div><br></div><div>The hand, which size were about ten times of mine, started to pull me, as to punish me for my vicious curiosity. Oh creature from the light, forgive my defiance, I surely didn\'t intend to intrude on your domains.<br><br>God please help me on this road to hell and be merciful in your punishments.</div><div><br><br></div>',0,'2014-01-21 14:40:43'),(24,52,'<p class=\"perspective gender\" style=\"font-family: Lato, sans-serif; background-color: rgb(248, 248, 248);\">Hello.</p><p class=\"perspective gender\" style=\"font-family: Lato, sans-serif; background-color: rgb(248, 248, 248);\"><span style=\"line-height: 28px;\"><i>Hello.</i></span></p>',0,'2014-01-21 14:49:39'),(25,52,'<h3 class=\"ng-binding\" style=\"color: rgb(51, 51, 51); margin-bottom: 5px; background-color: rgb(248, 248, 248);\">Hello.</h3><h3 class=\"ng-binding\" style=\"color: rgb(51, 51, 51); margin-bottom: 5px; background-color: rgb(248, 248, 248);\"><span style=\"line-height: 22px; font-size: 16px;\">Hello.</span></h3><h4 class=\"perspective gender\" style=\"line-height: 22px; color: rgb(51, 51, 51); background-color: rgb(248, 248, 248);\"><span ng-class=\"round.perspective.gender\" class=\"ng-binding male\">Hello.</span></h4><h4 class=\"perspective text ng-binding\" style=\"line-height: 22px; color: rgb(51, 51, 51); background-color: rgb(248, 248, 248);\">Hello.</h4><div><span style=\"font-family: Lato, sans-serif; font-size: 20px; font-style: italic; line-height: 28px; background-color: rgb(248, 248, 248);\">Hello.&nbsp;</span><br></div>',0,'2014-01-21 15:05:54'),(26,48,'I\'m bored. I\'ve been sitting inside my room for about three days now. I would like to go out but I don\'t dare. Dad is sitting by the big gate. Guarding his beloved house and family. Mom is hiding in her bedroom. Thinking someone will attack her. I\'ve tried talking her out of it, without success.&nbsp;<div><br></div><div>I hear a loud noise. Dad is shooting again. Someone must have walked on our lawn again. Someone who doesn\'t look like my dad. Someone my dad doesn\'t approve of.&nbsp;</div>',0,'2014-01-21 15:14:04'),(27,48,'Hello!<div>My name is Ben and I\'m a city boy. I\'m 9 years old and I love music, sports and my family. And of coarse my friends and all the other people!</div><div>Now, here\'s the thing. I\'m really sad. My father got a new job in London and we had to move there. Here I have no friends, no sports to go to yet and the people around us are full of shit. They take all we have and give nothing back. Those are people who came here to basically suck everything out of us to send back to there families. Everyone hates them! I don\'t know what to do. Everything is boring and my school mates suck. The only thing that\'s good is the radio channels. Finally I there\'s some good music on the radio. Pretty much the only way to a hold of hip hop and r&amp;b before was to go to the music store which I wasn\'t supposed to go to. Now that music is played on the radio all the time. I\'ve seen other guys in school listening to my favourite song \"Who run the world\" by Beyoncé. I\'m probably gonna talk to that guy tomorrow. He seems cool.</div><div>Cheers,</div><div>Ben</div>',0,'2014-01-21 15:19:43'),(28,48,'Is this what the world has come to? Is there no freedom left in this world? Since when has the white race succumb to the manipulation and taunts of the niggers and chinks!?<br><br>And every school we looked at seemed to somehow be infested with them! Now I have to sit and (Oh _God!) eat with those people!!&nbsp;<br><br>Almost every girl I see here are either tainted or hang out with a bunch of underfucked scums!<br><br>Of all places, why can\'t we move ina place where our freedom is respected? University of Arkansas... here I come!<br>',0,'2014-01-21 15:20:13'),(29,48,'\"Siegtuna\", my parents said. <br>Ever since I was a little boy, they\'d been talking about Siegtuna. <br><br>\"Siegtuna, where svenskhatarna and PK-maffian were tamed.\"<br><div><div><div>\"Siegtuna, where feminazis and immigrants were cuffed to their stoves and brooms.\"<br>\"Siegtuna, where you could get a decent niggerball.\"<br></div><div><br></div><div>\"Siegtuna, the town of Viking Kings, \"<br>\"Siegtuna, the town of swedes.\"</div><div><br></div><div>\"Sigtuna\", the sign said.<br><br><br><br></div></div></div>',0,'2014-01-21 15:22:24'),(30,48,'\"Hanzel, look at all those faces. Filthy. Coloured. Dirty.&nbsp;Animals.&nbsp;Disgusting.\"<div>\"Yes, mother.\"</div><div><br></div><div>I was glancing though the window of our car as we passed&nbsp;the city square, with all it\'s booths and people buying groceries and what nots.&nbsp;</div><div>At the end of the square we passed a booth managed by a young woman.&nbsp;She was the most beautiful human I had ever seen. Her skin rich, like dark chocolate. Her eyes, a colour of warm brown I\'d never seen before.&nbsp;As she looked up she met my gaze, and she smiled.&nbsp;</div><div>A shy smile that lit up her freckles and filled my insides with fireworks.&nbsp;</div><div>I had to meet this girl. Talk to her. Touch her. Hear her voice and give her my heart.&nbsp;</div><div>My heart that already loved her.&nbsp;</div>',0,'2014-01-21 15:22:30'),(31,48,'Trying to talk any sense into my parents at this point is meaningless. It\'s a lost cause, really. I\'m just baffled at how it even got to this point. I honestly don\'t understand it. Maybe it\'s like those times when things happen for seemingly no particular reason; they could as well have turned out completely differently.<div><br></div><div>As it is now, I\'ve just given up in trying. I can\'t wait till I move out and get my own place. They have painted freaking swastikas all over the apartment, for crying out loud. The bathroom door has got a freaking poster of Hitler on it. How am I supposed to have friends over? Ain\'t gonna work. I just hope I can keep any details about my parents away from anyone in this city. But with my loony parents, that\'s going to be difficult. Probably impossible...</div><div><br></div><div>There\'s only one way out. One solution. One ending to this story.</div><div><br></div><div>I have to kill my parents in their sleep.</div><div>Or I could lock them up in the basement.</div><div>But then I\'ll have to feed them and stuff.</div><div>No, I guess I have to kill my parents.</div>',0,'2014-01-21 15:27:04');
/*!40000 ALTER TABLE `submission` ENABLE KEYS */;
UNLOCK TABLES;
/*!40103 SET TIME_ZONE=@OLD_TIME_ZONE */;

/*!40101 SET SQL_MODE=@OLD_SQL_MODE */;
/*!40014 SET FOREIGN_KEY_CHECKS=@OLD_FOREIGN_KEY_CHECKS */;
/*!40014 SET UNIQUE_CHECKS=@OLD_UNIQUE_CHECKS */;
/*!40101 SET CHARACTER_SET_CLIENT=@OLD_CHARACTER_SET_CLIENT */;
/*!40101 SET CHARACTER_SET_RESULTS=@OLD_CHARACTER_SET_RESULTS */;
/*!40101 SET COLLATION_CONNECTION=@OLD_COLLATION_CONNECTION */;
/*!40111 SET SQL_NOTES=@OLD_SQL_NOTES */;

-- Dump completed on 2014-01-22 19:03:56
